{
    "metrics": {
        "data_received": {
            "count": 159045,
            "rate": 9574.417385023433
        },
        "iterations": {
            "count": 55,
            "rate": 3.310968318251368
        },
        "http_req_waiting": {
            "max": 145.547069,
            "p(50)": 56.655556,
            "p(90)": 62.8918952,
            "p(99)": 110.62023782000006,
            "avg": 59.422372745454545,
            "min": 52.536005,
            "med": 56.655556
        },
        "vus": {
            "value": 1,
            "min": 1,
            "max": 10
        },
        "http_req_blocked": {
            "p(90)": 45.442555399999996,
            "p(99)": 52.54702864,
            "avg": 8.539767054545456,
            "min": 0.000901,
            "med": 0.001894,
            "max": 56.08159,
            "p(50)": 0.001894
        },
        "http_req_sending": {
            "avg": 0.2863195636363636,
            "min": 0.067006,
            "med": 0.185306,
            "max": 4.906256,
            "p(50)": 0.185306,
            "p(90)": 0.30710240000000005,
            "p(99)": 2.4712070000000037
        },
        "http_reqs": {
            "count": 55,
            "rate": 3.310968318251368
        },
        "http_req_failed": {
            "fails": 0,
            "passes": 55,
            "value": 1
        },
        "http_req_duration": {
            "med": 57.761912,
            "max": 145.914657,
            "p(50)": 57.761912,
            "p(90)": 63.6774492,
            "p(99)": 111.09110352000006,
            "avg": 60.28047843636362,
            "min": 53.025386
        },
        "http_req_receiving": {
            "p(50)": 0.309589,
            "p(90)": 1.265081,
            "p(99)": 2.427205100000001,
            "avg": 0.5717861272727272,
            "min": 0.095904,
            "med": 0.309589,
            "max": 3.012449
        },
        "vus_max": {
            "value": 10,
            "min": 10,
            "max": 10
        },
        "http_req_connecting": {
            "max": 17.362944,
            "p(50)": 0,
            "p(90)": 15.234781400000001,
            "p(99)": 17.03474064,
            "avg": 2.7769468363636363,
            "min": 0,
            "med": 0
        },
        "data_sent": {
            "count": 20165,
            "rate": 1213.921384318888
        },
        "http_req_tls_handshaking": {
            "max": 35.877894,
            "p(50)": 0,
            "p(90)": 28.4603754,
            "p(99)": 33.61954758,
            "avg": 5.361527127272727,
            "min": 0,
            "med": 0
        },
        "checks": {
            "passes": 0,
            "fails": 110,
            "value": 0
        },
        "iteration_duration": {
            "p(99)": 2155.44675544,
            "avg": 2070.3326412727283,
            "min": 2054.911012,
            "med": 2058.989132,
            "max": 2204.094094,
            "p(50)": 2058.989132,
            "p(90)": 2109.4307512
        }
    },
    "root_group": {
        "id": "d41d8cd98f00b204e9800998ecf8427e",
        "groups": {},
        "checks": {
                "status is 200": {
                    "id": "6210a8cd14cd70477eba5c5e4cb3fb5f",
                    "passes": 0,
                    "fails": 55,
                    "name": "status is 200",
                    "path": "::status is 200"
                },
                "response has data": {
                    "id": "b3ae2ef92631fad2b4b40f55213052d8",
                    "passes": 0,
                    "fails": 55,
                    "name": "response has data",
                    "path": "::response has data"
                }
            },
        "name": "",
        "path": ""
    }
}